,"  <Placemark><styleUrl>#gunshot</styleUrl><Point><coordinates>-87.6135662,41.8024886,0</coordinates></Point></Placemark>",,,
1,"700 N. Noble St. Chicago, IL",41.894448,-87.662628," <Placemark><styleUrl>#gunshot</styleUrl><Point><coordinates>-87.662628,41.894448,0</coordinates></Point></Placemark>"
2,"4500 S. Champlain Ave. Chicago, IL",41.813031,-87.6099408," <Placemark><styleUrl>#gunshot</styleUrl><Point><coordinates>-87.6099408,41.813031,0</coordinates></Point></Placemark>"
3,"5800 S. Sacramento Ave. Chicago, IL",41.787997,-87.6988609," <Placemark><styleUrl>#gunshot</styleUrl><Point><coordinates>-87.6988609,41.787997,0</coordinates></Point></Placemark>"
4,"8700 S. Honore St. Chicago, IL",41.7356971,-87.6691584," <Placemark><styleUrl>#gunshot</styleUrl><Point><coordinates>-87.6691584,41.7356971,0</coordinates></Point></Placemark>"
5,"12400 S. Union Ave. Chicago, IL",41.668596,-87.639539," <Placemark><styleUrl>#gunshot</styleUrl><Point><coordinates>-87.639539,41.668596,0</coordinates></Point></Placemark>"
6,"5600 S. Western Ave. Chicago, IL",41.7912909,-87.6840098," <Placemark><styleUrl>#gunshot</styleUrl><Point><coordinates>-87.6840098,41.7912909,0</coordinates></Point></Placemark>"
7,"1500 N. Talman Ave. Chicago, IL",41.9084358,-87.6932738," <Placemark><styleUrl>#gunshot</styleUrl><Point><coordinates>-87.6932738,41.9084358,0</coordinates></Point></Placemark>"
8,"5500 S. Loomis Blvd. Chicago, IL",41.7936957,-87.6597521," <Placemark><styleUrl>#gunshot</styleUrl><Point><coordinates>-87.6597521,41.7936957,0</coordinates></Point></Placemark>"
9,"2200 S. Union Ave. Chicago, IL",41.851707,-87.64514," <Placemark><styleUrl>#gunshot</styleUrl><Point><coordinates>-87.64514,41.851707,0</coordinates></Point></Placemark>"
10,"8400 S. King Dr. Chicago, IL",41.741809,-87.61514," <Placemark><styleUrl>#gunshot</styleUrl><Point><coordinates>-87.61514,41.741809,0</coordinates></Point></Placemark>"
11,"4000 W. Wilcox St. Chicago, IL",41.87914,-87.7258," <Placemark><styleUrl>#gunshot</styleUrl><Point><coordinates>-87.7258,41.87914,0</coordinates></Point></Placemark>"
12,"1300 N. Sedgwick St. Chicago, IL",41.9057115,-87.6385461," <Placemark><styleUrl>#gunshot</styleUrl><Point><coordinates>-87.6385461,41.9057115,0</coordinates></Point></Placemark>"
13,"100 S. Springfield Ave. Chicago, IL",41.8797736,-87.7232032," <Placemark><styleUrl>#gunshot</styleUrl><Point><coordinates>-87.7232032,41.8797736,0</coordinates></Point></Placemark>"
14,"6300 S. Honore St. Chicago, IL",41.7793332,-87.6703052," <Placemark><styleUrl>#gunshot</styleUrl><Point><coordinates>-87.6703052,41.7793332,0</coordinates></Point></Placemark>"
15,"2000 E. 71st St. Chicago, IL",41.7662483,-87.5762588," <Placemark><styleUrl>#gunshot</styleUrl><Point><coordinates>-87.5762588,41.7662483,0</coordinates></Point></Placemark>"
16,"400 S. Pulaski Rd. Chicago, IL",41.8752631,-87.7254817," <Placemark><styleUrl>#gunshot</styleUrl><Point><coordinates>-87.7254817,41.8752631,0</coordinates></Point></Placemark>"
17,"2400 W. Augusta Blvd. Chicago, IL",41.899386,-87.6869988," <Placemark><styleUrl>#gunshot</styleUrl><Point><coordinates>-87.6869988,41.899386,0</coordinates></Point></Placemark>"
18,"2600 S. Ridgeway Ave. Chicago, IL",41.844328,-87.7184497," <Placemark><styleUrl>#gunshot</styleUrl><Point><coordinates>-87.7184497,41.844328,0</coordinates></Point></Placemark>"
19,"1300 S. Harding Ave. Chicago, IL",41.864201,-87.7242179," <Placemark><styleUrl>#gunshot</styleUrl><Point><coordinates>-87.7242179,41.864201,0</coordinates></Point></Placemark>"
20,"5200 W. Jackson Blvd. Chicago, IL",41.877124,-87.7541789," <Placemark><styleUrl>#gunshot</styleUrl><Point><coordinates>-87.7541789,41.877124,0</coordinates></Point></Placemark>"
21,"1300 S. Christiana Ave. Chicago, IL",41.864373,-87.709613," <Placemark><styleUrl>#gunshot</styleUrl><Point><coordinates>-87.709613,41.864373,0</coordinates></Point></Placemark>"
22,"9500 S. King Dr. Chicago, IL",41.7218203,-87.6141653," <Placemark><styleUrl>#gunshot</styleUrl><Point><coordinates>-87.6141653,41.7218203,0</coordinates></Point></Placemark>"
23,"4700 W. Belmont Ave. Chicago, IL",41.9389753,-87.7442439," <Placemark><styleUrl>#gunshot</styleUrl><Point><coordinates>-87.7442439,41.9389753,0</coordinates></Point></Placemark>"
24,"5500 W. North Ave. Chicago, IL",41.9097099,-87.763188," <Placemark><styleUrl>#gunshot</styleUrl><Point><coordinates>-87.763188,41.9097099,0</coordinates></Point></Placemark>"
25,"5400 S. Laflin St. Chicago, IL",41.795756,-87.662546," <Placemark><styleUrl>#gunshot</styleUrl><Point><coordinates>-87.662546,41.795756,0</coordinates></Point></Placemark>"
26,"1000 N. Avers Ave. Chicago, IL",41.899177,-87.722883," <Placemark><styleUrl>#gunshot</styleUrl><Point><coordinates>-87.722883,41.899177,0</coordinates></Point></Placemark>"
27,"5800 S. Shields Ave. Chicago, IL",41.7882932,-87.6340465," <Placemark><styleUrl>#gunshot</styleUrl><Point><coordinates>-87.6340465,41.7882932,0</coordinates></Point></Placemark>"
28,"1100 S. Mozart St. Chicago, IL",41.8682975,-87.6971643," <Placemark><styleUrl>#gunshot</styleUrl><Point><coordinates>-87.6971643,41.8682975,0</coordinates></Point></Placemark>"
29,"500 W. Pershing Rd. Chicago, IL",41.823823,-87.638799," <Placemark><styleUrl>#gunshot</styleUrl><Point><coordinates>-87.638799,41.823823,0</coordinates></Point></Placemark>"
30,"500 W. Pershing Rd. Chicago, IL",41.823823,-87.638799," <Placemark><styleUrl>#gunshot</styleUrl><Point><coordinates>-87.638799,41.823823,0</coordinates></Point></Placemark>"
31,"7000 S. Carpenter St. Chicago, IL",41.7669057,-87.6505296," <Placemark><styleUrl>#gunshot</styleUrl><Point><coordinates>-87.6505296,41.7669057,0</coordinates></Point></Placemark>"
32,"4200 W. Congress Pkwy Chicago, IL",41.874505,-87.732998," <Placemark><styleUrl>#gunshot</styleUrl><Point><coordinates>-87.732998,41.874505,0</coordinates></Point></Placemark>"
33,"4200 W. Congress Pkwy Chicago, IL",41.874505,-87.732998," <Placemark><styleUrl>#gunshot</styleUrl><Point><coordinates>-87.732998,41.874505,0</coordinates></Point></Placemark>"
34,"10900 S. Mackinaw Ave. Chicago, IL",41.697203,-87.542907," <Placemark><styleUrl>#gunshot</styleUrl><Point><coordinates>-87.542907,41.697203,0</coordinates></Point></Placemark>"
35,"7500 S. Champlain Ave. Chicago, IL",41.7584931,-87.609056," <Placemark><styleUrl>#gunshot</styleUrl><Point><coordinates>-87.609056,41.7584931,0</coordinates></Point></Placemark>"
36,"4500 S. Oakenwald Ave. Chicago, IL",41.813577,-87.595376," <Placemark><styleUrl>#gunshot</styleUrl><Point><coordinates>-87.595376,41.813577,0</coordinates></Point></Placemark>"
37,"2400 S. Lake Shore Dr. Chicago, IL",41.8473428,-87.6122087," <Placemark><styleUrl>#gunshot</styleUrl><Point><coordinates>-87.6122087,41.8473428,0</coordinates></Point></Placemark>"
38,"3900 N. Central Ave. Chicago, IL",41.95149,-87.766593," <Placemark><styleUrl>#gunshot</styleUrl><Point><coordinates>-87.766593,41.95149,0</coordinates></Point></Placemark>"
39,"4100 W. 30th St. Chicago, IL",41.8387101,-87.7268362," <Placemark><styleUrl>#gunshot</styleUrl><Point><coordinates>-87.7268362,41.8387101,0</coordinates></Point></Placemark>"
40,"2300 W. 50th Pl. Chicago, IL",41.802318,-87.681986," <Placemark><styleUrl>#gunshot</styleUrl><Point><coordinates>-87.681986,41.802318,0</coordinates></Point></Placemark>"
41,"900 W. 69th St. Chicago, IL",41.7688089,-87.6469557," <Placemark><styleUrl>#gunshot</styleUrl><Point><coordinates>-87.6469557,41.7688089,0</coordinates></Point></Placemark>"
42,"1100 N. Pulaski Rd. Chicago, IL",41.900972,-87.726575," <Placemark><styleUrl>#gunshot</styleUrl><Point><coordinates>-87.726575,41.900972,0</coordinates></Point></Placemark>"
43,"2200 S. Western Ave. Chicago, IL",41.8517584,-87.6858234," <Placemark><styleUrl>#gunshot</styleUrl><Point><coordinates>-87.6858234,41.8517584,0</coordinates></Point></Placemark>"
44,"9100 S. Ada St. Chicago, IL",41.728458,-87.65711," <Placemark><styleUrl>#gunshot</styleUrl><Point><coordinates>-87.65711,41.728458,0</coordinates></Point></Placemark>"
45,"6600 S. Ashland Ave. Chicago, IL",41.773771,-87.66445," <Placemark><styleUrl>#gunshot</styleUrl><Point><coordinates>-87.66445,41.773771,0</coordinates></Point></Placemark>"
46,"4800 W. Ferdinand St. Chicago, IL",41.889793,-87.744628," <Placemark><styleUrl>#gunshot</styleUrl><Point><coordinates>-87.744628,41.889793,0</coordinates></Point></Placemark>"
47,"100 S. Cicero Ave. Chicago, IL",41.8794999,-87.7452439," <Placemark><styleUrl>#gunshot</styleUrl><Point><coordinates>-87.7452439,41.8794999,0</coordinates></Point></Placemark>"
48,"7700 S. Pulaski Rd. Chicago, IL",41.753104,-87.722566," <Placemark><styleUrl>#gunshot</styleUrl><Point><coordinates>-87.722566,41.753104,0</coordinates></Point></Placemark>"
49,"400 E. 95th St. Chicago, IL",41.7219498,-87.614088," <Placemark><styleUrl>#gunshot</styleUrl><Point><coordinates>-87.614088,41.7219498,0</coordinates></Point></Placemark>"
50,"1300 N. St. Louis Ave. Chicago, IL",41.9045779,-87.7141948," <Placemark><styleUrl>#gunshot</styleUrl><Point><coordinates>-87.7141948,41.9045779,0</coordinates></Point></Placemark>"
51,"1900 E. 79th St. Chicago, IL",41.7518079,-87.578191," <Placemark><styleUrl>#gunshot</styleUrl><Point><coordinates>-87.578191,41.7518079,0</coordinates></Point></Placemark>"
52,"6500 S. Maryland Ave. Chicago, IL",41.7767565,-87.6046425," <Placemark><styleUrl>#gunshot</styleUrl><Point><coordinates>-87.6046425,41.7767565,0</coordinates></Point></Placemark>"
53,"1 W. 91st St. Chicago, IL",41.7275198,-87.7344405," <Placemark><styleUrl>#gunshot</styleUrl><Point><coordinates>-87.7344405,41.7275198,0</coordinates></Point></Placemark>"
54,"2400 W. 58th St. Chicago, IL",41.7883951,-87.6839641," <Placemark><styleUrl>#gunshot</styleUrl><Point><coordinates>-87.6839641,41.7883951,0</coordinates></Point></Placemark>"
55,"2800 S. Spaulding Ave. Chicago, IL",41.840706,-87.707703," <Placemark><styleUrl>#gunshot</styleUrl><Point><coordinates>-87.707703,41.840706,0</coordinates></Point></Placemark>"
56,"600 S. Sacramento Blvd. Chicago, IL",41.8737346,-87.701022," <Placemark><styleUrl>#gunshot</styleUrl><Point><coordinates>-87.701022,41.8737346,0</coordinates></Point></Placemark>"
57,"7800 S. Muskegon Ave. Chicago, IL",41.753519,-87.55594," <Placemark><styleUrl>#gunshot</styleUrl><Point><coordinates>-87.55594,41.753519,0</coordinates></Point></Placemark>"
58,"7700 S. Carpenter St. Chicago, IL",41.754058,-87.650532," <Placemark><styleUrl>#gunshot</styleUrl><Point><coordinates>-87.650532,41.754058,0</coordinates></Point></Placemark>"
59,"1800 N. Francisco Ave. Chicago, IL",41.9139705,-87.6992175," <Placemark><styleUrl>#gunshot</styleUrl><Point><coordinates>-87.6992175,41.9139705,0</coordinates></Point></Placemark>"
60,"1300 W. Hastings St. Chicago, IL",41.8643068,-87.6588126," <Placemark><styleUrl>#gunshot</styleUrl><Point><coordinates>-87.6588126,41.8643068,0</coordinates></Point></Placemark>"
61,"7400 S. Eberhart Ave. Chicago, IL",41.760101,-87.613037," <Placemark><styleUrl>#gunshot</styleUrl><Point><coordinates>-87.613037,41.760101,0</coordinates></Point></Placemark>"
62,"100 W. 59th St. Chicago, IL",41.7873261,-87.6276365," <Placemark><styleUrl>#gunshot</styleUrl><Point><coordinates>-87.6276365,41.7873261,0</coordinates></Point></Placemark>"
63,"1400 W. 80th St. Chicago, IL",41.7486211,-87.6585424," <Placemark><styleUrl>#gunshot</styleUrl><Point><coordinates>-87.6585424,41.7486211,0</coordinates></Point></Placemark>"
64,"8000 S. Manistee Ave. Chicago, IL",41.749893,-87.55804," <Placemark><styleUrl>#gunshot</styleUrl><Point><coordinates>-87.55804,41.749893,0</coordinates></Point></Placemark>"
65,"2200 S. Leavitt St. Chicago, IL",41.8534316,-87.6808992," <Placemark><styleUrl>#gunshot</styleUrl><Point><coordinates>-87.6808992,41.8534316,0</coordinates></Point></Placemark>"
66,"7400 S. Dorchester Ave. Chicago, IL",41.76041,-87.591179," <Placemark><styleUrl>#gunshot</styleUrl><Point><coordinates>-87.591179,41.76041,0</coordinates></Point></Placemark>"
67,"12000 S. Normal Ave. Chicago, IL",41.675952,-87.6349649," <Placemark><styleUrl>#gunshot</styleUrl><Point><coordinates>-87.6349649,41.675952,0</coordinates></Point></Placemark>"
68,"8700 S. Burley Ave. Chicago, IL",41.73648,-87.546567," <Placemark><styleUrl>#gunshot</styleUrl><Point><coordinates>-87.546567,41.73648,0</coordinates></Point></Placemark>"
69,"3300 W. Beach Ave. Chicago, IL",41.907607,-87.709573," <Placemark><styleUrl>#gunshot</styleUrl><Point><coordinates>-87.709573,41.907607,0</coordinates></Point></Placemark>"
70,"4200 W. Irving Park Rd. Chicago, IL",41.9536257,-87.7324512," <Placemark><styleUrl>#gunshot</styleUrl><Point><coordinates>-87.7324512,41.9536257,0</coordinates></Point></Placemark>"
71,"1200 W. 97th St. Chicago, IL",41.7181334,-87.6528751," <Placemark><styleUrl>#gunshot</styleUrl><Point><coordinates>-87.6528751,41.7181334,0</coordinates></Point></Placemark>"
72,"1100 N. Menard Ave. Chicago, IL",41.900385,-87.770791," <Placemark><styleUrl>#gunshot</styleUrl><Point><coordinates>-87.770791,41.900385,0</coordinates></Point></Placemark>"
73,"3300 W. Irving Park Rd. Chicago, IL",41.9540867,-87.7106446," <Placemark><styleUrl>#gunshot</styleUrl><Point><coordinates>-87.7106446,41.9540867,0</coordinates></Point></Placemark>"
74,"1700 W. 44th St. Chicago, IL",41.8140345,-87.6675334," <Placemark><styleUrl>#gunshot</styleUrl><Point><coordinates>-87.6675334,41.8140345,0</coordinates></Point></Placemark>"
75,"5000 S. Evans Ave. Chicago, IL",41.8031274,-87.607935," <Placemark><styleUrl>#gunshot</styleUrl><Point><coordinates>-87.607935,41.8031274,0</coordinates></Point></Placemark>"
76,"11800 S. Harvard Ave. Chicago, IL",41.6797297,-87.6311483," <Placemark><styleUrl>#gunshot</styleUrl><Point><coordinates>-87.6311483,41.6797297,0</coordinates></Point></Placemark>"
77,"600 W. 117th St. Chicago, IL",41.6818918,-87.637231," <Placemark><styleUrl>#gunshot</styleUrl><Point><coordinates>-87.637231,41.6818918,0</coordinates></Point></Placemark>"
78,"2500 W. Division St. Chicago, IL",41.903296,-87.689658," <Placemark><styleUrl>#gunshot</styleUrl><Point><coordinates>-87.689658,41.903296,0</coordinates></Point></Placemark>"
79,"5200 S. Harper Ave. Chicago, IL",41.800831,-87.589509," <Placemark><styleUrl>#gunshot</styleUrl><Point><coordinates>-87.589509,41.800831,0</coordinates></Point></Placemark>"
80,"1300 S. Morgan St. Chicago, IL",41.865388,-87.651289," <Placemark><styleUrl>#gunshot</styleUrl><Point><coordinates>-87.651289,41.865388,0</coordinates></Point></Placemark>"
81,"6800 S. Cornell Ave. Chicago, IL",41.771343,-87.58536," <Placemark><styleUrl>#gunshot</styleUrl><Point><coordinates>-87.58536,41.771343,0</coordinates></Point></Placemark>"
82,"1900 S. Drake Ave. Chicago, IL",41.8547889,-87.7137238," <Placemark><styleUrl>#gunshot</styleUrl><Point><coordinates>-87.7137238,41.8547889,0</coordinates></Point></Placemark>"
83,"300 E. Kensington Ave. Chicago, IL",41.684481,-87.616566," <Placemark><styleUrl>#gunshot</styleUrl><Point><coordinates>-87.616566,41.684481,0</coordinates></Point></Placemark>"
84,"5000 W. Belden Ave. Chicago, IL",41.9223726,-87.7511767," <Placemark><styleUrl>#gunshot</styleUrl><Point><coordinates>-87.7511767,41.9223726,0</coordinates></Point></Placemark>"
85,"4700 S. Prairie Ave. Chicago, IL",41.809137,-87.620056," <Placemark><styleUrl>#gunshot</styleUrl><Point><coordinates>-87.620056,41.809137,0</coordinates></Point></Placemark>"
86,"10200 S. Green St. Chicago, IL",41.708567,-87.6444269," <Placemark><styleUrl>#gunshot</styleUrl><Point><coordinates>-87.6444269,41.708567,0</coordinates></Point></Placemark>"
87,"2800 E. 76th St. Chicago, IL",41.758297,-87.556802," <Placemark><styleUrl>#gunshot</styleUrl><Point><coordinates>-87.556802,41.758297,0</coordinates></Point></Placemark>"
88,"6500 S. Green St. Chicago, IL",41.77596,-87.6461684," <Placemark><styleUrl>#gunshot</styleUrl><Point><coordinates>-87.6461684,41.77596,0</coordinates></Point></Placemark>"
89,"1700 W. 79th St. Chicago, IL",41.7505529,-87.666037," <Placemark><styleUrl>#gunshot</styleUrl><Point><coordinates>-87.666037,41.7505529,0</coordinates></Point></Placemark>"
90,"400 E. 79th St. Chicago, IL",41.751125,-87.6149489," <Placemark><styleUrl>#gunshot</styleUrl><Point><coordinates>-87.6149489,41.751125,0</coordinates></Point></Placemark>"
91,"200 W. 93rd St. Chicago, IL",41.7253291,-87.6290466," <Placemark><styleUrl>#gunshot</styleUrl><Point><coordinates>-87.6290466,41.7253291,0</coordinates></Point></Placemark>"
92,"7700 S. Damen Ave. Chicago, IL",41.753744,-87.673584," <Placemark><styleUrl>#gunshot</styleUrl><Point><coordinates>-87.673584,41.753744,0</coordinates></Point></Placemark>"
93,"6300 S. May St. Chicago, IL",41.7796208,-87.653296," <Placemark><styleUrl>#gunshot</styleUrl><Point><coordinates>-87.653296,41.7796208,0</coordinates></Point></Placemark>"
94,"9900 S. Walden Pkwy Chicago, IL",41.7138819,-87.6676614," <Placemark><styleUrl>#gunshot</styleUrl><Point><coordinates>-87.6676614,41.7138819,0</coordinates></Point></Placemark>"
95,"8600 S. Ashland Ave. Chicago, IL",41.737028,-87.663479," <Placemark><styleUrl>#gunshot</styleUrl><Point><coordinates>-87.663479,41.737028,0</coordinates></Point></Placemark>"
96,"7800 S. Langley Ave. Chicago, IL",41.7530339,-87.6077277," <Placemark><styleUrl>#gunshot</styleUrl><Point><coordinates>-87.6077277,41.7530339,0</coordinates></Point></Placemark>"
97,"200 N. Mayfield Ave. Chicago, IL",41.884292,-87.772342," <Placemark><styleUrl>#gunshot</styleUrl><Point><coordinates>-87.772342,41.884292,0</coordinates></Point></Placemark>"
98,"1200 S. Kolin Ave. Chicago, IL",41.8660286,-87.733753," <Placemark><styleUrl>#gunshot</styleUrl><Point><coordinates>-87.733753,41.8660286,0</coordinates></Point></Placemark>"
99,"4800 W. Iowa St. Chicago, IL",41.896835,-87.7458617," <Placemark><styleUrl>#gunshot</styleUrl><Point><coordinates>-87.7458617,41.896835,0</coordinates></Point></Placemark>"
100,"6800 S. Lowe St. Chicago, IL",41.770565,-87.640548," <Placemark><styleUrl>#gunshot</styleUrl><Point><coordinates>-87.640548,41.770565,0</coordinates></Point></Placemark>"
101,"300 S. Cicero Ave. Chicago, IL",41.876652,-87.7455," <Placemark><styleUrl>#gunshot</styleUrl><Point><coordinates>-87.7455,41.876652,0</coordinates></Point></Placemark>"
102,"3100 S. Rhodes Ave. Chicago, IL",41.838452,-87.6134946," <Placemark><styleUrl>#gunshot</styleUrl><Point><coordinates>-87.6134946,41.838452,0</coordinates></Point></Placemark>"
103,"4900 N. Whipple St. Chicago, IL",41.97047,-87.705204," <Placemark><styleUrl>#gunshot</styleUrl><Point><coordinates>-87.705204,41.97047,0</coordinates></Point></Placemark>"
104,"4300 S. Paulina St. Chicago, IL",41.815812,-87.6675933," <Placemark><styleUrl>#gunshot</styleUrl><Point><coordinates>-87.6675933,41.815812,0</coordinates></Point></Placemark>"
105,"7100 S. Oakley Ave. Chicago, IL",41.7647275,-87.6807116," <Placemark><styleUrl>#gunshot</styleUrl><Point><coordinates>-87.6807116,41.7647275,0</coordinates></Point></Placemark>"
106,"7100 S. Oakley Ave. Chicago, IL",41.7647275,-87.6807116," <Placemark><styleUrl>#gunshot</styleUrl><Point><coordinates>-87.6807116,41.7647275,0</coordinates></Point></Placemark>"
107,"400 N. Central Ave. Chicago, IL",41.8877223,-87.7651288," <Placemark><styleUrl>#gunshot</styleUrl><Point><coordinates>-87.7651288,41.8877223,0</coordinates></Point></Placemark>"
108,"1100 N. Lawndale Ave. Chicago, IL",41.90103,-87.7192929," <Placemark><styleUrl>#gunshot</styleUrl><Point><coordinates>-87.7192929,41.90103,0</coordinates></Point></Placemark>"
109,"1400 E. 52nd St. Chicago, IL",41.8009796,-87.5917891," <Placemark><styleUrl>#gunshot</styleUrl><Point><coordinates>-87.5917891,41.8009796,0</coordinates></Point></Placemark>"
110,"7300 S. Dante Ave. Chicago, IL",41.762254,-87.590011," <Placemark><styleUrl>#gunshot</styleUrl><Point><coordinates>-87.590011,41.762254,0</coordinates></Point></Placemark>"
111,"1000 N. North Branch St. Chicago, IL",41.9007622,-87.6517549," <Placemark><styleUrl>#gunshot</styleUrl><Point><coordinates>-87.6517549,41.9007622,0</coordinates></Point></Placemark>"
112,"12100 S. Indiana Ave. Chicago, IL",41.674252,-87.618088," <Placemark><styleUrl>#gunshot</styleUrl><Point><coordinates>-87.618088,41.674252,0</coordinates></Point></Placemark>"
113,"11600 S. Vincennes Ave. Chicago, IL",41.6834281,-87.6684739," <Placemark><styleUrl>#gunshot</styleUrl><Point><coordinates>-87.6684739,41.6834281,0</coordinates></Point></Placemark>"
114,"12200 S. Halsted St. Chicago, IL",41.67223,-87.642099," <Placemark><styleUrl>#gunshot</styleUrl><Point><coordinates>-87.642099,41.67223,0</coordinates></Point></Placemark>"
115,"1 W. 107th St. Chicago, IL",41.69986,-87.6233246," <Placemark><styleUrl>#gunshot</styleUrl><Point><coordinates>-87.6233246,41.69986,0</coordinates></Point></Placemark>"
116,"1000 W. 75th St. Chicago, IL",41.7583138,-87.6490837," <Placemark><styleUrl>#gunshot</styleUrl><Point><coordinates>-87.6490837,41.7583138,0</coordinates></Point></Placemark>"
117,"7000 S. Normal Blvd. Chicago, IL",41.767002,-87.637531," <Placemark><styleUrl>#gunshot</styleUrl><Point><coordinates>-87.637531,41.767002,0</coordinates></Point></Placemark>"
118,"1700 E. 79th St. Chicago, IL",41.751727,-87.583098," <Placemark><styleUrl>#gunshot</styleUrl><Point><coordinates>-87.583098,41.751727,0</coordinates></Point></Placemark>"
119,"1700 W. 85th St. Chicago, IL",41.7394085,-87.6655961," <Placemark><styleUrl>#gunshot</styleUrl><Point><coordinates>-87.6655961,41.7394085,0</coordinates></Point></Placemark>"
120,"8400 S. Constance Ave. Chicago, IL",41.742326,-87.579799," <Placemark><styleUrl>#gunshot</styleUrl><Point><coordinates>-87.579799,41.742326,0</coordinates></Point></Placemark>"
121,"5700 W. Bloomingdale Ave. Chicago, IL",41.9126478,-87.7680428," <Placemark><styleUrl>#gunshot</styleUrl><Point><coordinates>-87.7680428,41.9126478,0</coordinates></Point></Placemark>"
122,"6800 S. King Dr. Chicago, IL",41.771043,-87.6154592," <Placemark><styleUrl>#gunshot</styleUrl><Point><coordinates>-87.6154592,41.771043,0</coordinates></Point></Placemark>"
123,"4300 S. Oakley Ave. Chicago, IL",41.8156718,-87.6821854," <Placemark><styleUrl>#gunshot</styleUrl><Point><coordinates>-87.6821854,41.8156718,0</coordinates></Point></Placemark>"
124,"5100 S. Washtenaw Ave. Chicago, IL",41.801006,-87.6915717," <Placemark><styleUrl>#gunshot</styleUrl><Point><coordinates>-87.6915717,41.801006,0</coordinates></Point></Placemark>"
125,"400 W. 115th St. Chicago, IL",41.6852083,-87.6324954," <Placemark><styleUrl>#gunshot</styleUrl><Point><coordinates>-87.6324954,41.6852083,0</coordinates></Point></Placemark>"
126,"6300 S. Francisco Ave. Chicago, IL",41.7790555,-87.6958314," <Placemark><styleUrl>#gunshot</styleUrl><Point><coordinates>-87.6958314,41.7790555,0</coordinates></Point></Placemark>"
127,"3400 W. Lake St. Chicago, IL",41.884914,-87.711327," <Placemark><styleUrl>#gunshot</styleUrl><Point><coordinates>-87.711327,41.884914,0</coordinates></Point></Placemark>"
128,"7200 S. Lafayette Ave. Chicago, IL",41.763527,-87.626842," <Placemark><styleUrl>#gunshot</styleUrl><Point><coordinates>-87.626842,41.763527,0</coordinates></Point></Placemark>"
129,"5200 W. Quincy St. Chicago, IL",41.8777133,-87.7554234," <Placemark><styleUrl>#gunshot</styleUrl><Point><coordinates>-87.7554234,41.8777133,0</coordinates></Point></Placemark>"
130,"5700 S. Sangamon St. Chicago, IL",41.790449,-87.6490479," <Placemark><styleUrl>#gunshot</styleUrl><Point><coordinates>-87.6490479,41.790449,0</coordinates></Point></Placemark>"
131,"900 N. Long Ave. Chicago, IL",41.8967195,-87.7607261," <Placemark><styleUrl>#gunshot</styleUrl><Point><coordinates>-87.7607261,41.8967195,0</coordinates></Point></Placemark>"
132,"2000 W. 70th Pl. Chicago, IL",41.765974,-87.673715," <Placemark><styleUrl>#gunshot</styleUrl><Point><coordinates>-87.673715,41.765974,0</coordinates></Point></Placemark>"
133,"4700 S. Talman Ave. Chicago, IL",41.8083122,-87.6905491," <Placemark><styleUrl>#gunshot</styleUrl><Point><coordinates>-87.6905491,41.8083122,0</coordinates></Point></Placemark>"
134,"3300 W. 60th St. Chicago, IL",41.7843842,-87.7057128," <Placemark><styleUrl>#gunshot</styleUrl><Point><coordinates>-87.7057128,41.7843842,0</coordinates></Point></Placemark>"
135,"6400 S. Normal Ave. Chicago, IL",41.772577,-87.6373503," <Placemark><styleUrl>#gunshot</styleUrl><Point><coordinates>-87.6373503,41.772577,0</coordinates></Point></Placemark>"
136,"5500 W. Quincy St. Chicago, IL",41.8774778,-87.7617614," <Placemark><styleUrl>#gunshot</styleUrl><Point><coordinates>-87.7617614,41.8774778,0</coordinates></Point></Placemark>"
137,"2500 S. Ridgeway Ave. Chicago, IL",41.8460449,-87.718849," <Placemark><styleUrl>#gunshot</styleUrl><Point><coordinates>-87.718849,41.8460449,0</coordinates></Point></Placemark>"
138,"900 E. 79th St. Chicago, IL",41.7513121,-87.6027422," <Placemark><styleUrl>#gunshot</styleUrl><Point><coordinates>-87.6027422,41.7513121,0</coordinates></Point></Placemark>"
139,"4100 W. North Ave. Chicago, IL",41.910165,-87.728948," <Placemark><styleUrl>#gunshot</styleUrl><Point><coordinates>-87.728948,41.910165,0</coordinates></Point></Placemark>"
140,"7400 S. Parnell Ave. Chicago, IL",41.7598152,-87.6384967," <Placemark><styleUrl>#gunshot</styleUrl><Point><coordinates>-87.6384967,41.7598152,0</coordinates></Point></Placemark>"
141,"200 S. Keeler Ave. Chicago, IL",41.8779027,-87.7304789," <Placemark><styleUrl>#gunshot</styleUrl><Point><coordinates>-87.7304789,41.8779027,0</coordinates></Point></Placemark>"
142,"3100 S. Pulaski Rd. Chicago, IL",41.8368591,-87.7243688," <Placemark><styleUrl>#gunshot</styleUrl><Point><coordinates>-87.7243688,41.8368591,0</coordinates></Point></Placemark>"
143,"1100 N. Campbell Ave. Chicago, IL",41.9011887,-87.6894564," <Placemark><styleUrl>#gunshot</styleUrl><Point><coordinates>-87.6894564,41.9011887,0</coordinates></Point></Placemark>"
144,"4400 W. Adams St. Chicago, IL",41.878113,-87.736089," <Placemark><styleUrl>#gunshot</styleUrl><Point><coordinates>-87.736089,41.878113,0</coordinates></Point></Placemark>"
145,"2900 N. Kilpatrick Ave. Chicago, IL",41.933525,-87.744547," <Placemark><styleUrl>#gunshot</styleUrl><Point><coordinates>-87.744547,41.933525,0</coordinates></Point></Placemark>"
146,"2800 N. Spaulding Ave. Chicago, IL",41.9320214,-87.7098626," <Placemark><styleUrl>#gunshot</styleUrl><Point><coordinates>-87.7098626,41.9320214,0</coordinates></Point></Placemark>"
147,"300 E. North Water St. Chicago, IL",41.889288,-87.621711," <Placemark><styleUrl>#gunshot</styleUrl><Point><coordinates>-87.621711,41.889288,0</coordinates></Point></Placemark>"
148,"8600 S. Kingston Ave. Chicago, IL",41.738926,-87.562744," <Placemark><styleUrl>#gunshot</styleUrl><Point><coordinates>-87.562744,41.738926,0</coordinates></Point></Placemark>"
149,"1500 E. 76th Pl. Chicago, IL",41.7560006,-87.5882694," <Placemark><styleUrl>#gunshot</styleUrl><Point><coordinates>-87.5882694,41.7560006,0</coordinates></Point></Placemark>"
150,"3300 S. Bell Ave. Chicago, IL",41.8338032,-87.6818626," <Placemark><styleUrl>#gunshot</styleUrl><Point><coordinates>-87.6818626,41.8338032,0</coordinates></Point></Placemark>"
151,"7300 S. King Dr. Chicago, IL",41.761864,-87.615645," <Placemark><styleUrl>#gunshot</styleUrl><Point><coordinates>-87.615645,41.761864,0</coordinates></Point></Placemark>"
152,"7500 S. Yates Blvd. Chicago, IL",41.7589567,-87.5663944," <Placemark><styleUrl>#gunshot</styleUrl><Point><coordinates>-87.5663944,41.7589567,0</coordinates></Point></Placemark>"
153,"7500 S. Union Ave. Chicago, IL",41.757791,-87.642121," <Placemark><styleUrl>#gunshot</styleUrl><Point><coordinates>-87.642121,41.757791,0</coordinates></Point></Placemark>"
154,"7500 S. Merrill Ave. Chicago, IL",41.758792,-87.572825," <Placemark><styleUrl>#gunshot</styleUrl><Point><coordinates>-87.572825,41.758792,0</coordinates></Point></Placemark>"
155,"3600 W. 64th St. Chicago, IL",41.7769868,-87.7131253," <Placemark><styleUrl>#gunshot</styleUrl><Point><coordinates>-87.7131253,41.7769868,0</coordinates></Point></Placemark>"
156,"5300 S. Winchester Ave. Chicago, IL",41.797484,-87.67352," <Placemark><styleUrl>#gunshot</styleUrl><Point><coordinates>-87.67352,41.797484,0</coordinates></Point></Placemark>"
157,"5300 S. Winchester Ave. Chicago, IL",41.797484,-87.67352," <Placemark><styleUrl>#gunshot</styleUrl><Point><coordinates>-87.67352,41.797484,0</coordinates></Point></Placemark>"
158,"7500 S. Kingston Ave. Chicago, IL",41.7590012,-87.5627582," <Placemark><styleUrl>#gunshot</styleUrl><Point><coordinates>-87.5627582,41.7590012,0</coordinates></Point></Placemark>"
159,"100 W. 116th St. Chicago, IL",41.682769,-87.625418," <Placemark><styleUrl>#gunshot</styleUrl><Point><coordinates>-87.625418,41.682769,0</coordinates></Point></Placemark>"
160,"2400 E. 75th St. Chicago, IL",41.7589891,-87.5663645," <Placemark><styleUrl>#gunshot</styleUrl><Point><coordinates>-87.5663645,41.7589891,0</coordinates></Point></Placemark>"
161,"10400 S. Green St. Chicago, IL",41.704953,-87.644329," <Placemark><styleUrl>#gunshot</styleUrl><Point><coordinates>-87.644329,41.704953,0</coordinates></Point></Placemark>"
162,"800 W. 99th St. Chicago, IL",41.7142281,-87.6425386," <Placemark><styleUrl>#gunshot</styleUrl><Point><coordinates>-87.6425386,41.7142281,0</coordinates></Point></Placemark>"
163,"1300 N. Lamon Ave. Chicago, IL",41.9041451,-87.7484583," <Placemark><styleUrl>#gunshot</styleUrl><Point><coordinates>-87.7484583,41.9041451,0</coordinates></Point></Placemark>"
164,"5000 W. North Ave. Chicago, IL",41.9096207,-87.7518066," <Placemark><styleUrl>#gunshot</styleUrl><Point><coordinates>-87.7518066,41.9096207,0</coordinates></Point></Placemark>"
165,"8700 S. Loomis St. Chicago, IL",41.735861,-87.6582229," <Placemark><styleUrl>#gunshot</styleUrl><Point><coordinates>-87.6582229,41.735861,0</coordinates></Point></Placemark>"
166,"2400 E. 79th St. Chicago, IL",41.752001,-87.565974," <Placemark><styleUrl>#gunshot</styleUrl><Point><coordinates>-87.565974,41.752001,0</coordinates></Point></Placemark>"
167,"6600 S. Champlain Ave. Chicago, IL",41.774726,-87.60979," <Placemark><styleUrl>#gunshot</styleUrl><Point><coordinates>-87.60979,41.774726,0</coordinates></Point></Placemark>"
168,"6200 S. Marshfield Ave. Chicago, IL",41.781145,-87.665806," <Placemark><styleUrl>#gunshot</styleUrl><Point><coordinates>-87.665806,41.781145,0</coordinates></Point></Placemark>"
169,"600 S. Francisco Ave. Chicago, IL",41.8737498,-87.6985738," <Placemark><styleUrl>#gunshot</styleUrl><Point><coordinates>-87.6985738,41.8737498,0</coordinates></Point></Placemark>"
170,"7300 S. Wabash Ave. Chicago, IL",41.761704,-87.623687," <Placemark><styleUrl>#gunshot</styleUrl><Point><coordinates>-87.623687,41.761704,0</coordinates></Point></Placemark>"
171,"5600 S. Western Ave. Chicago, IL",41.7912909,-87.6840098," <Placemark><styleUrl>#gunshot</styleUrl><Point><coordinates>-87.6840098,41.7912909,0</coordinates></Point></Placemark>"
172,"7400 N. Paulina St. Chicago, IL",42.0159666,-87.6724991," <Placemark><styleUrl>#gunshot</styleUrl><Point><coordinates>-87.6724991,42.0159666,0</coordinates></Point></Placemark>"
173,"1000 W. Maxwell St. Chicago, IL",41.8647103,-87.6519496," <Placemark><styleUrl>#gunshot</styleUrl><Point><coordinates>-87.6519496,41.8647103,0</coordinates></Point></Placemark>"
174,"2800 W. Flournoy St. Chicago, IL",41.8728861,-87.6960865," <Placemark><styleUrl>#gunshot</styleUrl><Point><coordinates>-87.6960865,41.8728861,0</coordinates></Point></Placemark>"
175,"4700 S. Ashland Ave. Chicago, IL",41.808335,-87.665913," <Placemark><styleUrl>#gunshot</styleUrl><Point><coordinates>-87.665913,41.808335,0</coordinates></Point></Placemark>"
176,"600 N. Lawndale Ave. Chicago, IL",41.892829,-87.719144," <Placemark><styleUrl>#gunshot</styleUrl><Point><coordinates>-87.719144,41.892829,0</coordinates></Point></Placemark>"
177,"1600 S. Drake Ave. Chicago, IL",41.8589706,-87.713992," <Placemark><styleUrl>#gunshot</styleUrl><Point><coordinates>-87.713992,41.8589706,0</coordinates></Point></Placemark>"
178,"3900 W. Congress Parkway Chicago, IL",41.874652,-87.723238," <Placemark><styleUrl>#gunshot</styleUrl><Point><coordinates>-87.723238,41.874652,0</coordinates></Point></Placemark>"
179,"8700 S. Throop St. Chicago, IL",41.7359047,-87.6557959," <Placemark><styleUrl>#gunshot</styleUrl><Point><coordinates>-87.6557959,41.7359047,0</coordinates></Point></Placemark>"
180,"6300 S. Kedzie Ave. Chicago, IL",41.7789696,-87.7031471," <Placemark><styleUrl>#gunshot</styleUrl><Point><coordinates>-87.7031471,41.7789696,0</coordinates></Point></Placemark>"
181,"6500 S. Damen Ave. Chicago, IL",41.775581,-87.6741569," <Placemark><styleUrl>#gunshot</styleUrl><Point><coordinates>-87.6741569,41.775581,0</coordinates></Point></Placemark>"
182,"6800 S. Paxton Ave. Chicago, IL",41.771496,-87.571895," <Placemark><styleUrl>#gunshot</styleUrl><Point><coordinates>-87.571895,41.771496,0</coordinates></Point></Placemark>"
183,"3700 W. LeMoyne St. Chicago, IL",41.9081665,-87.7189724," <Placemark><styleUrl>#gunshot</styleUrl><Point><coordinates>-87.7189724,41.9081665,0</coordinates></Point></Placemark>"
184,"4000 W. Cullerton St. Chicago, IL",41.8544173,-87.7248576," <Placemark><styleUrl>#gunshot</styleUrl><Point><coordinates>-87.7248576,41.8544173,0</coordinates></Point></Placemark>"
185,"1600 W. Howard St. Chicago, IL",42.0193686,-87.6701341," <Placemark><styleUrl>#gunshot</styleUrl><Point><coordinates>-87.6701341,42.0193686,0</coordinates></Point></Placemark>"
186,"10500 S. Oglesby Ave. Chicago, IL",41.7045545,-87.5657043," <Placemark><styleUrl>#gunshot</styleUrl><Point><coordinates>-87.5657043,41.7045545,0</coordinates></Point></Placemark>"
187,"5700 S. Carpenter St. Chicago, IL",41.7905542,-87.6511199," <Placemark><styleUrl>#gunshot</styleUrl><Point><coordinates>-87.6511199,41.7905542,0</coordinates></Point></Placemark>"
188,"1300 S. Avers Ave. Chicago, IL",41.8643666,-87.7214628," <Placemark><styleUrl>#gunshot</styleUrl><Point><coordinates>-87.7214628,41.8643666,0</coordinates></Point></Placemark>"
189,"200 E. 15th St. Chicago, IL",41.860715,-87.622041," <Placemark><styleUrl>#gunshot</styleUrl><Point><coordinates>-87.622041,41.860715,0</coordinates></Point></Placemark>"
190,"8100 S. Vincennes Ave. Chicago, IL",41.7455975,-87.6356478," <Placemark><styleUrl>#gunshot</styleUrl><Point><coordinates>-87.6356478,41.7455975,0</coordinates></Point></Placemark>"
191,"3800 W. Hirsch St. Chicago, IL",41.9063285,-87.7215286," <Placemark><styleUrl>#gunshot</styleUrl><Point><coordinates>-87.7215286,41.9063285,0</coordinates></Point></Placemark>"
192,"8500 S. Saginaw Ave. Chicago, IL",41.740747,-87.560342," <Placemark><styleUrl>#gunshot</styleUrl><Point><coordinates>-87.560342,41.740747,0</coordinates></Point></Placemark>"
193,"7100 S. Ashland Ave. Chicago, IL",41.7647728,-87.6642786," <Placemark><styleUrl>#gunshot</styleUrl><Point><coordinates>-87.6642786,41.7647728,0</coordinates></Point></Placemark>"
194,"600 E. 131st St. Chicago, IL",41.6573374,-87.607543," <Placemark><styleUrl>#gunshot</styleUrl><Point><coordinates>-87.607543,41.6573374,0</coordinates></Point></Placemark>"
195,"800 N. Cambridge Ave. Chicago, IL",41.896482,-87.6415951," <Placemark><styleUrl>#gunshot</styleUrl><Point><coordinates>-87.6415951,41.896482,0</coordinates></Point></Placemark>"
196,"11600 S. Laflin Ave. Chicago, IL",41.682901,-87.659457," <Placemark><styleUrl>#gunshot</styleUrl><Point><coordinates>-87.659457,41.682901,0</coordinates></Point></Placemark>"
197,"8000 S. Chappel Ave. Chicago, IL",41.7497742,-87.574742," <Placemark><styleUrl>#gunshot</styleUrl><Point><coordinates>-87.574742,41.7497742,0</coordinates></Point></Placemark>"
198,"5600 W. Washington Blvd. Chicago, IL",41.8822497,-87.7649441," <Placemark><styleUrl>#gunshot</styleUrl><Point><coordinates>-87.7649441,41.8822497,0</coordinates></Point></Placemark>"
199,"3200 W. Roosevelt Rd. Chicago, IL",41.866723,-87.705997," <Placemark><styleUrl>#gunshot</styleUrl><Point><coordinates>-87.705997,41.866723,0</coordinates></Point></Placemark>"
200,"7600 S. Greenwood Ave. Chicago, IL",41.7567823,-87.5973617," <Placemark><styleUrl>#gunshot</styleUrl><Point><coordinates>-87.5973617,41.7567823,0</coordinates></Point></Placemark>"
201,"7800 S. Oglesby Ave. Chicago, IL",41.753357,-87.567821," <Placemark><styleUrl>#gunshot</styleUrl><Point><coordinates>-87.567821,41.753357,0</coordinates></Point></Placemark>"
202,"1800 W. Garfield Blvd. Chicago, IL",41.7939815,-87.6694954," <Placemark><styleUrl>#gunshot</styleUrl><Point><coordinates>-87.6694954,41.7939815,0</coordinates></Point></Placemark>"
203,"2000 W. Garfield Blvd. Chicago, IL",41.794174,-87.674736," <Placemark><styleUrl>#gunshot</styleUrl><Point><coordinates>-87.674736,41.794174,0</coordinates></Point></Placemark>"
204,"11700 S. Normal Ave. Chicago, IL",41.6815059,-87.6348061," <Placemark><styleUrl>#gunshot</styleUrl><Point><coordinates>-87.6348061,41.6815059,0</coordinates></Point></Placemark>"
205,"7800 S. Normal Ave. Chicago, IL",41.752404,-87.63706," <Placemark><styleUrl>#gunshot</styleUrl><Point><coordinates>-87.63706,41.752404,0</coordinates></Point></Placemark>"
206,"3600 S. Michigan Ave. Chicago, IL",41.829439,-87.623538," <Placemark><styleUrl>#gunshot</styleUrl><Point><coordinates>-87.623538,41.829439,0</coordinates></Point></Placemark>"
207,"5500 S. Kostner Ave. Chicago, IL",41.7930191,-87.7329792," <Placemark><styleUrl>#gunshot</styleUrl><Point><coordinates>-87.7329792,41.7930191,0</coordinates></Point></Placemark>"
208,"8000 S. Normal Ave. Chicago, IL",41.7488939,-87.6366793," <Placemark><styleUrl>#gunshot</styleUrl><Point><coordinates>-87.6366793,41.7488939,0</coordinates></Point></Placemark>"
209,"6600 S. Claremont Ave. Chicago, IL",41.7736469,-87.68248," <Placemark><styleUrl>#gunshot</styleUrl><Point><coordinates>-87.68248,41.7736469,0</coordinates></Point></Placemark>"
210,"100 E. 120th St. Chicago, IL",41.676243,-87.6204412," <Placemark><styleUrl>#gunshot</styleUrl><Point><coordinates>-87.6204412,41.676243,0</coordinates></Point></Placemark>"
211,"100 E. 120th St. Chicago, IL",41.676243,-87.6204412," <Placemark><styleUrl>#gunshot</styleUrl><Point><coordinates>-87.6204412,41.676243,0</coordinates></Point></Placemark>"
212,"5800 S. Sangamon St. Chicago, IL",41.788561,-87.648998," <Placemark><styleUrl>#gunshot</styleUrl><Point><coordinates>-87.648998,41.788561,0</coordinates></Point></Placemark>"
213,"1100 N. Waller Ave. Chicago, IL",41.9004059,-87.768355," <Placemark><styleUrl>#gunshot</styleUrl><Point><coordinates>-87.768355,41.9004059,0</coordinates></Point></Placemark>"
214,"6800 S. St. Lawrence Ave. Chicago, IL",41.771043,-87.610909," <Placemark><styleUrl>#gunshot</styleUrl><Point><coordinates>-87.610909,41.771043,0</coordinates></Point></Placemark>"
215,"2400 E. 79th St. Chicago, IL",41.752001,-87.565974," <Placemark><styleUrl>#gunshot</styleUrl><Point><coordinates>-87.565974,41.752001,0</coordinates></Point></Placemark>"
216,"2900 S. State St. Chicago, IL",41.8419214,-87.6268808," <Placemark><styleUrl>#gunshot</styleUrl><Point><coordinates>-87.6268808,41.8419214,0</coordinates></Point></Placemark>"
217,"1000 N. St. Louis Ave. Chicago, IL",41.899257,-87.714342," <Placemark><styleUrl>#gunshot</styleUrl><Point><coordinates>-87.714342,41.899257,0</coordinates></Point></Placemark>"
218,"2800 S. Kildare Ave. Chicago, IL",41.840336,-87.732076," <Placemark><styleUrl>#gunshot</styleUrl><Point><coordinates>-87.732076,41.840336,0</coordinates></Point></Placemark>"
219,"2800 S. Kildare Ave. Chicago, IL",41.840336,-87.732076," <Placemark><styleUrl>#gunshot</styleUrl><Point><coordinates>-87.732076,41.840336,0</coordinates></Point></Placemark>"
220,"7400 S. Colfax Ave. Chicago, IL",41.7608107,-87.5624725," <Placemark><styleUrl>#gunshot</styleUrl><Point><coordinates>-87.5624725,41.7608107,0</coordinates></Point></Placemark>"
221,"8500 S. Oglesby Ave. Chicago, IL",41.740653,-87.567622," <Placemark><styleUrl>#gunshot</styleUrl><Point><coordinates>-87.567622,41.740653,0</coordinates></Point></Placemark>"
222,"1 E. 120th Pl. Chicago, IL",41.6752827,-87.6225383," <Placemark><styleUrl>#gunshot</styleUrl><Point><coordinates>-87.6225383,41.6752827,0</coordinates></Point></Placemark>"
223,"9100 S. Justine St. Chicago, IL",41.728392,-87.661967," <Placemark><styleUrl>#gunshot</styleUrl><Point><coordinates>-87.661967,41.728392,0</coordinates></Point></Placemark>"
224,"1100 W. 111th Pl. Chicago, IL",41.691611,-87.64983," <Placemark><styleUrl>#gunshot</styleUrl><Point><coordinates>-87.64983,41.691611,0</coordinates></Point></Placemark>"
225,"1800 N. Pulaski Rd. Chicago, IL",41.913834,-87.72696," <Placemark><styleUrl>#gunshot</styleUrl><Point><coordinates>-87.72696,41.913834,0</coordinates></Point></Placemark>"
226,"1 S. Parkside Ave. Chicago, IL",41.8802777,-87.76649," <Placemark><styleUrl>#gunshot</styleUrl><Point><coordinates>-87.76649,41.8802777,0</coordinates></Point></Placemark>"
227,"1200 S. Lawndale Ave. Chicago, IL",41.8662349,-87.717848," <Placemark><styleUrl>#gunshot</styleUrl><Point><coordinates>-87.717848,41.8662349,0</coordinates></Point></Placemark>"
228,"800 S. Lawndale Ave. Chicago, IL",41.8708199,-87.7179882," <Placemark><styleUrl>#gunshot</styleUrl><Point><coordinates>-87.7179882,41.8708199,0</coordinates></Point></Placemark>"
229,"200 W. 94th St. Chicago, IL",41.7236896,-87.6289236," <Placemark><styleUrl>#gunshot</styleUrl><Point><coordinates>-87.6289236,41.7236896,0</coordinates></Point></Placemark>"
230,"100 S. Springfield Ave. Chicago, IL",41.8797736,-87.7232032," <Placemark><styleUrl>#gunshot</styleUrl><Point><coordinates>-87.7232032,41.8797736,0</coordinates></Point></Placemark>"
231,"1300 W. 90th St. Chicago, IL",41.7304434,-87.6556197," <Placemark><styleUrl>#gunshot</styleUrl><Point><coordinates>-87.6556197,41.7304434,0</coordinates></Point></Placemark>"
232,"1000 W. Wilson Ave. Chicago, IL",41.9654432,-87.6547885," <Placemark><styleUrl>#gunshot</styleUrl><Point><coordinates>-87.6547885,41.9654432,0</coordinates></Point></Placemark>"
233,"6200 S. Ashland Ave. Chicago, IL",41.78116,-87.66463," <Placemark><styleUrl>#gunshot</styleUrl><Point><coordinates>-87.66463,41.78116,0</coordinates></Point></Placemark>"
234,"6700 S. Sangamon St. Chicago, IL",41.7723943,-87.6482616," <Placemark><styleUrl>#gunshot</styleUrl><Point><coordinates>-87.6482616,41.7723943,0</coordinates></Point></Placemark>"
235,"3600 S. Marshfield Ave. Chicago, IL",41.828541,-87.667029," <Placemark><styleUrl>#gunshot</styleUrl><Point><coordinates>-87.667029,41.828541,0</coordinates></Point></Placemark>"
236,"4000 W. Wilcox St. Chicago, IL",41.87914,-87.7258," <Placemark><styleUrl>#gunshot</styleUrl><Point><coordinates>-87.7258,41.87914,0</coordinates></Point></Placemark>"
237,"9100 S. Commercial Ave. Chicago, IL",41.7298742,-87.5513761," <Placemark><styleUrl>#gunshot</styleUrl><Point><coordinates>-87.5513761,41.7298742,0</coordinates></Point></Placemark>"
238,"3300 W. Harrison St. Chicago, IL",41.8736644,-87.7090018," <Placemark><styleUrl>#gunshot</styleUrl><Point><coordinates>-87.7090018,41.8736644,0</coordinates></Point></Placemark>"
239,"6200 S. State St. Chicago, IL",41.781528,-87.6256159," <Placemark><styleUrl>#gunshot</styleUrl><Point><coordinates>-87.6256159,41.781528,0</coordinates></Point></Placemark>"
240,"1600 W. 59th St. Chicago, IL",41.787417,-87.664804," <Placemark><styleUrl>#gunshot</styleUrl><Point><coordinates>-87.664804,41.787417,0</coordinates></Point></Placemark>"
241,"8200 S. Avalon Ave. Chicago, IL",41.745765,-87.59447," <Placemark><styleUrl>#gunshot</styleUrl><Point><coordinates>-87.59447,41.745765,0</coordinates></Point></Placemark>"
242,"7900 S. Avalon Ave. Chicago, IL",41.7513788,-87.5942939," <Placemark><styleUrl>#gunshot</styleUrl><Point><coordinates>-87.5942939,41.7513788,0</coordinates></Point></Placemark>"
243,"5100 S. Winchester Ave. Chicago, IL",41.8012174,-87.6733143," <Placemark><styleUrl>#gunshot</styleUrl><Point><coordinates>-87.6733143,41.8012174,0</coordinates></Point></Placemark>"
244,"3800 S. Halsted St. Chicago, IL",41.825328,-87.646384," <Placemark><styleUrl>#gunshot</styleUrl><Point><coordinates>-87.646384,41.825328,0</coordinates></Point></Placemark>"
245,"11700 S. Hale Ave. Chicago, IL",41.680839,-87.673201," <Placemark><styleUrl>#gunshot</styleUrl><Point><coordinates>-87.673201,41.680839,0</coordinates></Point></Placemark>"
246,"1100 N. Orleans St. Chicago, IL",41.9020613,-87.6373944," <Placemark><styleUrl>#gunshot</styleUrl><Point><coordinates>-87.6373944,41.9020613,0</coordinates></Point></Placemark>"
247,"12200 S. Aberdeen St. Chicago, IL",41.672095,-87.649372," <Placemark><styleUrl>#gunshot</styleUrl><Point><coordinates>-87.649372,41.672095,0</coordinates></Point></Placemark>"
248,"6400 S. Morgan St. Chicago, IL",41.777698,-87.649959," <Placemark><styleUrl>#gunshot</styleUrl><Point><coordinates>-87.649959,41.777698,0</coordinates></Point></Placemark>"
249,"10500 S. La Salle St. Chicago, IL",41.703335,-87.627318," <Placemark><styleUrl>#gunshot</styleUrl><Point><coordinates>-87.627318,41.703335,0</coordinates></Point></Placemark>"
250,"5700 S. Princeton Ave. Chicago, IL",41.7908674,-87.6329181," <Placemark><styleUrl>#gunshot</styleUrl><Point><coordinates>-87.6329181,41.7908674,0</coordinates></Point></Placemark>"
251,"6600 S. Rhodes Ave. Chicago, IL",41.7748191,-87.6119167," <Placemark><styleUrl>#gunshot</styleUrl><Point><coordinates>-87.6119167,41.7748191,0</coordinates></Point></Placemark>"
252,"7500 S. Union Ave. Chicago, IL",41.757791,-87.642121," <Placemark><styleUrl>#gunshot</styleUrl><Point><coordinates>-87.642121,41.757791,0</coordinates></Point></Placemark>"
253,"5100 S. Calumet Ave. Chicago, IL",41.8020631,-87.6177667," <Placemark><styleUrl>#gunshot</styleUrl><Point><coordinates>-87.6177667,41.8020631,0</coordinates></Point></Placemark>"
254,"1400 N. Damen Ave. Chicago, IL",41.9071354,-87.6773851," <Placemark><styleUrl>#gunshot</styleUrl><Point><coordinates>-87.6773851,41.9071354,0</coordinates></Point></Placemark>"
255,"5500 S. Mozart St. Chicago, IL",41.793401,-87.695171," <Placemark><styleUrl>#gunshot</styleUrl><Point><coordinates>-87.695171,41.793401,0</coordinates></Point></Placemark>"
256,"8300 S. Baltimore Ave. Chicago, IL",41.744319,-87.555818," <Placemark><styleUrl>#gunshot</styleUrl><Point><coordinates>-87.555818,41.744319,0</coordinates></Point></Placemark>"
257,"300 E. 134th St. Chicago, IL",41.6518444,-87.6155971," <Placemark><styleUrl>#gunshot</styleUrl><Point><coordinates>-87.6155971,41.6518444,0</coordinates></Point></Placemark>"
258,"10200 S. Oglesby Ave. Chicago, IL",41.709851,-87.5657639," <Placemark><styleUrl>#gunshot</styleUrl><Point><coordinates>-87.5657639,41.709851,0</coordinates></Point></Placemark>"
259,"100 W. 104th St. Chicago, IL",41.705561,-87.626024," <Placemark><styleUrl>#gunshot</styleUrl><Point><coordinates>-87.626024,41.705561,0</coordinates></Point></Placemark>"
260,"1500 N. Milwaukee Ave. Chicago, IL",41.908893,-87.6751603," <Placemark><styleUrl>#gunshot</styleUrl><Point><coordinates>-87.6751603,41.908893,0</coordinates></Point></Placemark>"
261,"8000 S. Woodlawn Ave. Chicago, IL",41.749417,-87.595797," <Placemark><styleUrl>#gunshot</styleUrl><Point><coordinates>-87.595797,41.749417,0</coordinates></Point></Placemark>"
262,"6000 S. King Dr. Chicago, IL",41.7856761,-87.6157503," <Placemark><styleUrl>#gunshot</styleUrl><Point><coordinates>-87.6157503,41.7856761,0</coordinates></Point></Placemark>"
263,"7700 S. Sangamon St. Chicago, IL",41.754094,-87.648099," <Placemark><styleUrl>#gunshot</styleUrl><Point><coordinates>-87.648099,41.754094,0</coordinates></Point></Placemark>"
264,"3600 W. Augusta Blvd. Chicago, IL",41.89912,-87.7164321," <Placemark><styleUrl>#gunshot</styleUrl><Point><coordinates>-87.7164321,41.89912,0</coordinates></Point></Placemark>"
265,"7900 S. Wood St. Chicago, IL",41.750283,-87.6683039," <Placemark><styleUrl>#gunshot</styleUrl><Point><coordinates>-87.6683039,41.750283,0</coordinates></Point></Placemark>"
266,"6900 S. Vernon Ave. Chicago, IL",41.7693415,-87.6141175," <Placemark><styleUrl>#gunshot</styleUrl><Point><coordinates>-87.6141175,41.7693415,0</coordinates></Point></Placemark>"
267,"2200 E. 71st St. Chicago, IL",41.766499,-87.571117," <Placemark><styleUrl>#gunshot</styleUrl><Point><coordinates>-87.571117,41.766499,0</coordinates></Point></Placemark>"
268,"6600 S. Honore St. Chicago, IL",41.773806,-87.67049," <Placemark><styleUrl>#gunshot</styleUrl><Point><coordinates>-87.67049,41.773806,0</coordinates></Point></Placemark>"
269,"6000 S. Halsted St. Chicago, IL",41.785044,-87.6452769," <Placemark><styleUrl>#gunshot</styleUrl><Point><coordinates>-87.6452769,41.785044,0</coordinates></Point></Placemark>"
270,"1200 W. Washburne Ave. Chicago, IL",41.8661545,-87.6566819," <Placemark><styleUrl>#gunshot</styleUrl><Point><coordinates>-87.6566819,41.8661545,0</coordinates></Point></Placemark>"
271,"1200 S. Kedvale Ave. Chicago, IL",41.866093,-87.7288572," <Placemark><styleUrl>#gunshot</styleUrl><Point><coordinates>-87.7288572,41.866093,0</coordinates></Point></Placemark>"
272,"7200 S. Wentworth Ave. Chicago, IL",41.763368,-87.630013," <Placemark><styleUrl>#gunshot</styleUrl><Point><coordinates>-87.630013,41.763368,0</coordinates></Point></Placemark>"
273,"7000 S. Stony Island Ave. Chicago, IL",41.767711,-87.586805," <Placemark><styleUrl>#gunshot</styleUrl><Point><coordinates>-87.586805,41.767711,0</coordinates></Point></Placemark>"
274,"900 W. 70th St. Chicago, IL",41.766986,-87.6469101," <Placemark><styleUrl>#gunshot</styleUrl><Point><coordinates>-87.6469101,41.766986,0</coordinates></Point></Placemark>"
275,"600 E. 62nd St. Chicago, IL",41.7821453,-87.6108304," <Placemark><styleUrl>#gunshot</styleUrl><Point><coordinates>-87.6108304,41.7821453,0</coordinates></Point></Placemark>"
276,"4500 S. Woodlawn Ave. Chicago, IL",41.813121,-87.597405," <Placemark><styleUrl>#gunshot</styleUrl><Point><coordinates>-87.597405,41.813121,0</coordinates></Point></Placemark>"
277,"400 S. Central Ave. Chicago, IL",41.8742448,-87.7646441," <Placemark><styleUrl>#gunshot</styleUrl><Point><coordinates>-87.7646441,41.8742448,0</coordinates></Point></Placemark>"
278,"11000 S. Vernon Ave. Chicago, IL",41.694375,-87.612547," <Placemark><styleUrl>#gunshot</styleUrl><Point><coordinates>-87.612547,41.694375,0</coordinates></Point></Placemark>"
279,"11700 S. Morgan St. Chicago, IL",41.6813719,-87.6469171," <Placemark><styleUrl>#gunshot</styleUrl><Point><coordinates>-87.6469171,41.6813719,0</coordinates></Point></Placemark>"
280,"7300 S. Dorchester Ave. Chicago, IL",41.762245,-87.591219," <Placemark><styleUrl>#gunshot</styleUrl><Point><coordinates>-87.591219,41.762245,0</coordinates></Point></Placemark>"
281,"600 N. Springfield Ave. Chicago, IL",41.8918589,-87.723872," <Placemark><styleUrl>#gunshot</styleUrl><Point><coordinates>-87.723872,41.8918589,0</coordinates></Point></Placemark>"
282,"6700 S. Chappel Ave. Chicago, IL",41.773191,-87.5756059," <Placemark><styleUrl>#gunshot</styleUrl><Point><coordinates>-87.5756059,41.773191,0</coordinates></Point></Placemark>"
283,"6700 S. Chappel Ave. Chicago, IL",41.773191,-87.5756059," <Placemark><styleUrl>#gunshot</styleUrl><Point><coordinates>-87.5756059,41.773191,0</coordinates></Point></Placemark>"
284,"6700 S. Chappel Ave. Chicago, IL",41.773191,-87.5756059," <Placemark><styleUrl>#gunshot</styleUrl><Point><coordinates>-87.5756059,41.773191,0</coordinates></Point></Placemark>"
285,"8900 S. May St. Chicago, IL",41.731799,-87.6520263," <Placemark><styleUrl>#gunshot</styleUrl><Point><coordinates>-87.6520263,41.731799,0</coordinates></Point></Placemark>"
286,"4400 W. Adams St. Chicago, IL",41.878113,-87.736089," <Placemark><styleUrl>#gunshot</styleUrl><Point><coordinates>-87.736089,41.878113,0</coordinates></Point></Placemark>"
287,"300 S. Cicero Ave. Chicago, IL",41.876652,-87.7455," <Placemark><styleUrl>#gunshot</styleUrl><Point><coordinates>-87.7455,41.876652,0</coordinates></Point></Placemark>"
288,"800 E. 82nd St. Chicago, IL",41.7458043,-87.605008," <Placemark><styleUrl>#gunshot</styleUrl><Point><coordinates>-87.605008,41.7458043,0</coordinates></Point></Placemark>"
289,"800 E. 82nd St. Chicago, IL",41.7458043,-87.605008," <Placemark><styleUrl>#gunshot</styleUrl><Point><coordinates>-87.605008,41.7458043,0</coordinates></Point></Placemark>"
290,"10500 S. Lafayette Ave. Chicago, IL",41.703352,-87.624929," <Placemark><styleUrl>#gunshot</styleUrl><Point><coordinates>-87.624929,41.703352,0</coordinates></Point></Placemark>"
291,"10500 S. Lafayette Ave. Chicago, IL",41.703352,-87.624929," <Placemark><styleUrl>#gunshot</styleUrl><Point><coordinates>-87.624929,41.703352,0</coordinates></Point></Placemark>"
292,"1900 W. Ogden Ave. Chicago, IL",41.8744285,-87.6744446," <Placemark><styleUrl>#gunshot</styleUrl><Point><coordinates>-87.6744446,41.8744285,0</coordinates></Point></Placemark>"
293,"8300 S. Ellis Ave. Chicago, IL",41.743161,-87.599649," <Placemark><styleUrl>#gunshot</styleUrl><Point><coordinates>-87.599649,41.743161,0</coordinates></Point></Placemark>"
294,"600 W. 89th St. Chicago, IL",41.7325823,-87.6386545," <Placemark><styleUrl>#gunshot</styleUrl><Point><coordinates>-87.6386545,41.7325823,0</coordinates></Point></Placemark>"
295,"3700 W. Lawrence Ave. Chicago, IL",41.968589,-87.720866," <Placemark><styleUrl>#gunshot</styleUrl><Point><coordinates>-87.720866,41.968589,0</coordinates></Point></Placemark>"
296,"1200 W. 72nd Pl. Chicago, IL",41.7623367,-87.6540566," <Placemark><styleUrl>#gunshot</styleUrl><Point><coordinates>-87.6540566,41.7623367,0</coordinates></Point></Placemark>"
297,"1500 S. Christiana Ave. Chicago, IL",41.8608558,-87.7091765," <Placemark><styleUrl>#gunshot</styleUrl><Point><coordinates>-87.7091765,41.8608558,0</coordinates></Point></Placemark>"
298,"5300 W. Adams St. Chicago, IL",41.878701,-87.757887," <Placemark><styleUrl>#gunshot</styleUrl><Point><coordinates>-87.757887,41.878701,0</coordinates></Point></Placemark>"
299,"2600 N. Sawyer Ave. Chicago, IL",41.928513,-87.709773," <Placemark><styleUrl>#gunshot</styleUrl><Point><coordinates>-87.709773,41.928513,0</coordinates></Point></Placemark>"
300,"12100 S. Union Ave. Chicago, IL",41.6740432,-87.6395465," <Placemark><styleUrl>#gunshot</styleUrl><Point><coordinates>-87.6395465,41.6740432,0</coordinates></Point></Placemark>"
301,"8600 S. Morgan St. Chicago, IL",41.73769,-87.648881," <Placemark><styleUrl>#gunshot</styleUrl><Point><coordinates>-87.648881,41.73769,0</coordinates></Point></Placemark>"
302,"2300 N. Menard Ave. Chicago, IL",41.922212,-87.771124," <Placemark><styleUrl>#gunshot</styleUrl><Point><coordinates>-87.771124,41.922212,0</coordinates></Point></Placemark>"
303,"4200 W. West End Ave. Chicago, IL",41.8833081,-87.7307566," <Placemark><styleUrl>#gunshot</styleUrl><Point><coordinates>-87.7307566,41.8833081,0</coordinates></Point></Placemark>"
304,"6500 S. Hermitage Ave. Chicago, IL",41.775623,-87.668124," <Placemark><styleUrl>#gunshot</styleUrl><Point><coordinates>-87.668124,41.775623,0</coordinates></Point></Placemark>"
305,"3300 W. Van Buren St. Chicago, IL",41.875704,-87.708574," <Placemark><styleUrl>#gunshot</styleUrl><Point><coordinates>-87.708574,41.875704,0</coordinates></Point></Placemark>"
306,"6500 S. Bishop St. Chicago, IL",41.775753,-87.660808," <Placemark><styleUrl>#gunshot</styleUrl><Point><coordinates>-87.660808,41.775753,0</coordinates></Point></Placemark>"
307,"6000 S. Talman Ave. Chicago, IL",41.784474,-87.690234," <Placemark><styleUrl>#gunshot</styleUrl><Point><coordinates>-87.690234,41.784474,0</coordinates></Point></Placemark>"
308,"1400 W. 73rd Pl. Chicago, IL",41.760688,-87.659023," <Placemark><styleUrl>#gunshot</styleUrl><Point><coordinates>-87.659023,41.760688,0</coordinates></Point></Placemark>"
309,"1400 W. 73rd Pl. Chicago, IL",41.760688,-87.659023," <Placemark><styleUrl>#gunshot</styleUrl><Point><coordinates>-87.659023,41.760688,0</coordinates></Point></Placemark>"
310,"8700 S. Loomis St. Chicago, IL",41.735861,-87.6582229," <Placemark><styleUrl>#gunshot</styleUrl><Point><coordinates>-87.6582229,41.735861,0</coordinates></Point></Placemark>"
311,"5900 S. Winchester Ave. Chicago, IL",41.7866139,-87.6728932," <Placemark><styleUrl>#gunshot</styleUrl><Point><coordinates>-87.6728932,41.7866139,0</coordinates></Point></Placemark>"
312,"2200 S. Oakley Ave. Chicago, IL",41.852062,-87.6831873," <Placemark><styleUrl>#gunshot</styleUrl><Point><coordinates>-87.6831873,41.852062,0</coordinates></Point></Placemark>"
313,"4200 W. Lake St. Chicago, IL",41.896286,-87.885353," <Placemark><styleUrl>#gunshot</styleUrl><Point><coordinates>-87.885353,41.896286,0</coordinates></Point></Placemark>"
314,"800 W. 59th St. Chicago, IL",41.787048,-87.6449799," <Placemark><styleUrl>#gunshot</styleUrl><Point><coordinates>-87.6449799,41.787048,0</coordinates></Point></Placemark>"
315,"8200 S. Drexel Blvd. Chicago, IL",41.7976879,-87.6038793," <Placemark><styleUrl>#gunshot</styleUrl><Point><coordinates>-87.6038793,41.7976879,0</coordinates></Point></Placemark>"
316,"6600 S. Stony Island Ave. Chicago, IL",41.774827,-87.586693," <Placemark><styleUrl>#gunshot</styleUrl><Point><coordinates>-87.586693,41.774827,0</coordinates></Point></Placemark>"
317,"3000 S. Karlov Ave. Chicago, IL",41.8385589,-87.727164," <Placemark><styleUrl>#gunshot</styleUrl><Point><coordinates>-87.727164,41.8385589,0</coordinates></Point></Placemark>"
318,"1600 W. 44th St. Chicago, IL",41.8140585,-87.6651719," <Placemark><styleUrl>#gunshot</styleUrl><Point><coordinates>-87.6651719,41.8140585,0</coordinates></Point></Placemark>"
319,"4800 N. Lincoln Ave. Chicago, IL",41.9697089,-87.6892291," <Placemark><styleUrl>#gunshot</styleUrl><Point><coordinates>-87.6892291,41.9697089,0</coordinates></Point></Placemark>"
320,"2400 E. 100th St. Chicago, IL",41.7135127,-87.56578," <Placemark><styleUrl>#gunshot</styleUrl><Point><coordinates>-87.56578,41.7135127,0</coordinates></Point></Placemark>"
321,"2700 E. 80th St. Chicago, IL",41.7500063,-87.5589127," <Placemark><styleUrl>#gunshot</styleUrl><Point><coordinates>-87.5589127,41.7500063,0</coordinates></Point></Placemark>"
322,"2900 W. Jackson Blvd. Chicago, IL",41.8774518,-87.6992333," <Placemark><styleUrl>#gunshot</styleUrl><Point><coordinates>-87.6992333,41.8774518,0</coordinates></Point></Placemark>"
323,"7500 N. Greenview Ave. Chicago, IL",42.0181646,-87.6682189," <Placemark><styleUrl>#gunshot</styleUrl><Point><coordinates>-87.6682189,42.0181646,0</coordinates></Point></Placemark>"
324,"3100 W. Arthington St. Chicago, IL",41.8700752,-87.7033531," <Placemark><styleUrl>#gunshot</styleUrl><Point><coordinates>-87.7033531,41.8700752,0</coordinates></Point></Placemark>"
325,"11100 S. Vernon Ave. Chicago, IL",41.6927347,-87.6121821," <Placemark><styleUrl>#gunshot</styleUrl><Point><coordinates>-87.6121821,41.6927347,0</coordinates></Point></Placemark>"
326,"6100 N. Broadway Chicago, IL",41.9927377,-87.6603861," <Placemark><styleUrl>#gunshot</styleUrl><Point><coordinates>-87.6603861,41.9927377,0</coordinates></Point></Placemark>"
327,"11300 S. Edbrooke Ave. Chicago, IL",41.6889716,-87.6195536," <Placemark><styleUrl>#gunshot</styleUrl><Point><coordinates>-87.6195536,41.6889716,0</coordinates></Point></Placemark>"
328,"11600 S. Bishop St. Chicago, IL",41.682917,-87.658244," <Placemark><styleUrl>#gunshot</styleUrl><Point><coordinates>-87.658244,41.682917,0</coordinates></Point></Placemark>"
329,"5700 W. Bloomingdale Ave. Chicago, IL",41.9126478,-87.7680428," <Placemark><styleUrl>#gunshot</styleUrl><Point><coordinates>-87.7680428,41.9126478,0</coordinates></Point></Placemark>"
330,"300 W. 60th Pl. Chicago, IL",41.7845073,-87.6327627," <Placemark><styleUrl>#gunshot</styleUrl><Point><coordinates>-87.6327627,41.7845073,0</coordinates></Point></Placemark>"
331,"1700 E. 87th St. Chicago, IL",41.737217,-87.582588," <Placemark><styleUrl>#gunshot</styleUrl><Point><coordinates>-87.582588,41.737217,0</coordinates></Point></Placemark>"
332,"11200 S. Ada St. Chicago, IL",41.6893467,-87.6556852," <Placemark><styleUrl>#gunshot</styleUrl><Point><coordinates>-87.6556852,41.6893467,0</coordinates></Point></Placemark>"
333,"7000 S. Paxton Ave. Chicago, IL",41.767779,-87.571791," <Placemark><styleUrl>#gunshot</styleUrl><Point><coordinates>-87.571791,41.767779,0</coordinates></Point></Placemark>"
334,"5400 S. Bishop St. Chicago, IL",41.795769,-87.66133," <Placemark><styleUrl>#gunshot</styleUrl><Point><coordinates>-87.66133,41.795769,0</coordinates></Point></Placemark>"
335,"1900 N. Spaulding Ave. Chicago, IL",41.9155396,-87.7102306," <Placemark><styleUrl>#gunshot</styleUrl><Point><coordinates>-87.7102306,41.9155396,0</coordinates></Point></Placemark>"
336,"1 E. 102nd Pl. Chicago, IL",41.7080574,-87.6233592," <Placemark><styleUrl>#gunshot</styleUrl><Point><coordinates>-87.6233592,41.7080574,0</coordinates></Point></Placemark>"
337,"300 N. Central Ave. Chicago, IL",41.885933,-87.765465," <Placemark><styleUrl>#gunshot</styleUrl><Point><coordinates>-87.765465,41.885933,0</coordinates></Point></Placemark>"
338,"700 E. 67th St. Chicago, IL",41.773335,-87.608063," <Placemark><styleUrl>#gunshot</styleUrl><Point><coordinates>-87.608063,41.773335,0</coordinates></Point></Placemark>"
339,"4300 W. Cullerton St. Chicago, IL",41.8545609,-87.732324," <Placemark><styleUrl>#gunshot</styleUrl><Point><coordinates>-87.732324,41.8545609,0</coordinates></Point></Placemark>"
340,"8200 S. Champlain Ave. Chicago, IL",41.7457143,-87.6087867," <Placemark><styleUrl>#gunshot</styleUrl><Point><coordinates>-87.6087867,41.7457143,0</coordinates></Point></Placemark>"
341,"2600 S. Trumbull Ave. Chicago, IL",41.844273,-87.711463," <Placemark><styleUrl>#gunshot</styleUrl><Point><coordinates>-87.711463,41.844273,0</coordinates></Point></Placemark>"
342,"5300 S. Talman Ave. Chicago, IL",41.797258,-87.69059," <Placemark><styleUrl>#gunshot</styleUrl><Point><coordinates>-87.69059,41.797258,0</coordinates></Point></Placemark>"
343,"6700 S. East End Ave. Chicago, IL",41.7733303,-87.5838774," <Placemark><styleUrl>#gunshot</styleUrl><Point><coordinates>-87.5838774,41.7733303,0</coordinates></Point></Placemark>"
344,"7000 S. East End Ave. Chicago, IL",41.767713,-87.5832959," <Placemark><styleUrl>#gunshot</styleUrl><Point><coordinates>-87.5832959,41.767713,0</coordinates></Point></Placemark>"
345,"7700 S. Stewart Ave. Chicago, IL",41.754254,-87.634742," <Placemark><styleUrl>#gunshot</styleUrl><Point><coordinates>-87.634742,41.754254,0</coordinates></Point></Placemark>"
346,"5600 W. Chicago Ave. Chicago, IL",41.895085,-87.7657289," <Placemark><styleUrl>#gunshot</styleUrl><Point><coordinates>-87.7657289,41.895085,0</coordinates></Point></Placemark>"
347,"2800 N. Talman Ave. Chicago, IL",41.93291,-87.69416," <Placemark><styleUrl>#gunshot</styleUrl><Point><coordinates>-87.69416,41.93291,0</coordinates></Point></Placemark>"
348,"4800 W. Deming Pl. Chicago, IL",41.9270087,-87.7464776," <Placemark><styleUrl>#gunshot</styleUrl><Point><coordinates>-87.7464776,41.9270087,0</coordinates></Point></Placemark>"
349,"7900 S. Lafayette Ave. Chicago, IL",41.750443,-87.6264384," <Placemark><styleUrl>#gunshot</styleUrl><Point><coordinates>-87.6264384,41.750443,0</coordinates></Point></Placemark>"
350,"3400 W. 72nd St. Chicago, IL",41.762748,-87.707832," <Placemark><styleUrl>#gunshot</styleUrl><Point><coordinates>-87.707832,41.762748,0</coordinates></Point></Placemark>"
351,"11700 S. Eggleston Ave. Chicago, IL",41.6815146,-87.6335951," <Placemark><styleUrl>#gunshot</styleUrl><Point><coordinates>-87.6335951,41.6815146,0</coordinates></Point></Placemark>"
352,"2300 N. Ridgeway Ave. Chicago, IL",41.9227413,-87.7205779," <Placemark><styleUrl>#gunshot</styleUrl><Point><coordinates>-87.7205779,41.9227413,0</coordinates></Point></Placemark>"
353,"1200 W. 73rd Pl. Chicago, IL",41.7605184,-87.6540076," <Placemark><styleUrl>#gunshot</styleUrl><Point><coordinates>-87.6540076,41.7605184,0</coordinates></Point></Placemark>"
354,"700 S. Kilbourn Ave. Chicago, IL",41.8728824,-87.7378901," <Placemark><styleUrl>#gunshot</styleUrl><Point><coordinates>-87.7378901,41.8728824,0</coordinates></Point></Placemark>"
355,"1600 S. Central Park Ave. Chicago, IL",41.8589512,-87.7152143," <Placemark><styleUrl>#gunshot</styleUrl><Point><coordinates>-87.7152143,41.8589512,0</coordinates></Point></Placemark>"
356,"5900 W. Midway Park Chicago, IL",41.8890385,-87.772096," <Placemark><styleUrl>#gunshot</styleUrl><Point><coordinates>-87.772096,41.8890385,0</coordinates></Point></Placemark>"
357,"4500 S. Indiana Ave. Chicago, IL",41.8129459,-87.621775," <Placemark><styleUrl>#gunshot</styleUrl><Point><coordinates>-87.621775,41.8129459,0</coordinates></Point></Placemark>"
358,"1300 W. Cermak Rd. Chicago, IL",41.8527289,-87.658902," <Placemark><styleUrl>#gunshot</styleUrl><Point><coordinates>-87.658902,41.8527289,0</coordinates></Point></Placemark>"
359,"3700 S. Wells St. Chicago, IL",41.8273032,-87.6326268," <Placemark><styleUrl>#gunshot</styleUrl><Point><coordinates>-87.6326268,41.8273032,0</coordinates></Point></Placemark>"
360,"7100 S. Vincennes Ave. Chicago, IL",41.7652892,-87.6280687," <Placemark><styleUrl>#gunshot</styleUrl><Point><coordinates>-87.6280687,41.7652892,0</coordinates></Point></Placemark>"
